,train_loss,valid_loss
0,0.1460318532322187,0.0600732956328664
1,0.07407340236541586,0.04558649650695845
2,0.05315863112928808,0.02956905037022965
3,0.03941880827467634,0.02978285562190821
4,0.03654491444603584,0.0224907122420842
